{"cameraMode":{"drawMode":0,"name":"Shaded","section":"Shading Mode"},"sceneLighting":true,"audioPlay":false,"sceneViewState":{"showFog":true,"showMaterialUpdate":false,"showSkybox":true,"showFlares":true,"showImageEffects":true,"showParticleSystems":true},"in2DMode":false,"pivot":{"x":10.366448402404786,"y":-10.714228630065918,"z":-37.30624771118164},"rotation":{"x":0.23014812171459199,"y":0.7282493710517883,"z":-0.29069802165031435,"w":0.5764907002449036},"size":34.96956253051758,"orthographic":false}